First Name,Last Name,Phone,Company,Website
Test111,Test111,3434232323,CFC,https://mail.google.com/
Test112,Test112,3434232323,RO,https://mail.google.com/
Test113,Test113,3434232323,RO,https://mail.google.com/
Test114,Test114,3434232323,RO,https://mail.google.com/
Test115,Test115,3434232323,RO,https://mail.google.com/
Test116,Test116,3434232323,RO,https://mail.google.com/
Test117,Test117,3434232323,RO,https://mail.google.com/
Test118,Test118,3434232323,RO,https://mail.google.com/
Test119,Test119,3434232323,RO,https://mail.google.com/
Test120,Test120,3434232323,RO,https://mail.google.com/
Test121,Test121,3434232323,RO,https://mail.google.com/
Test122,Test122,3434232323,RO,https://mail.google.com/
Test123,Test123,3434232323,RO,https://mail.google.com/
Test124,Test124,3434232323,RO,https://mail.google.com/
Test125,Test125,3434232323,RO,https://mail.google.com/